TCPID,Year,Month,TotalTrips,TotalWaiting,TotalVMTPeriod1,TotalVMTPeriod2,TotalVMTPeriod3,TotalVMTZEV,TotalPassengersCarried,TotalPMT,TotalWAVsAvail,TotalWAVsRequested,TotalWAVsDeclinedUnavail,TotalWAVsFulfilled,,,
0038380-P,2026.0,4.0,9922.0,353.56,22908.33,8279.58,16134.92,47322.83,12072.0,19293.15,0.0,0.0,0.0,0.0,,,
0038380-P,2026.0,5.0,12665.0,1816.84,16898.2,18468.13,30342.07,65708.4,15349.0,35984.53,0.0,0.0,0.0,0.0,,,
0038380-P,2026.0,6.0,13097.0,1976.63,15199.99,20450.28,32272.54,67922.81,15756.0,37859.97,0.0,0.0,0.0,0.0,,,
,,,,,,,,,,,,,,,,,
,,,,,,,,,,,,,,,,,
,,,,,,,,,,,,,,,,,
,,,,,,,,,,,,,,,,,
,,,,,,,,,,,,,,,,,
,,,,,,,,,,,,,,,,,
,,,,,,,,,,,,,,,,,
,,,,,,,,,,,,,,,,,
,,,,,,,,,,,,,,,,,
,,,,,,,,,,,,,,,,,
